<?xml version="1.0" encoding="UTF-8"?>
<!DOCTYPE hibernate-configuration PUBLIC
        "-//Hibernate/Hibernate Configuration DTD 3.0//EN"
        "http://www.hibernate.org/dtd/hibernate-configuration-3.0.dtd">

<hibernate-configuration>
    <session-factory>
        <property name="dialect">org.hibernate.dialect.MySQLDialect</property>
        <property name="connection.driver_class">com.mysql.jdbc.Driver</property>
        <property name="connection.username">root</property>
        <property name="connection.password">root</property>
        <property name="connection.url">jdbc:mysql://localhost:3307/manytoone</property>
       
        <property name="hibernate.hbm2ddl.auto">create</property>
        
        <property name="show_sql">true</property>
        <property name="format_sql">false</property>
       
        <mapping class="com.psl.hibernateDemo.bean.Student"/>
        <mapping class ="com.psl.hibernateDemo.bean.Skill"/>
    </session-factory>
</hibernate-configuration>


  